ts_ms,ts_utc,open,high,low,close,base_vol,quote_vol
1754668800000,2025-08-08T16:00:00Z,207.19,208.06,201.69,202,2401102,489132253.8157
1754841600000,2025-08-10T16:00:00Z,202.56,206.21,198.69,201.415,1583563,319578965.4256
1754928000000,2025-08-11T16:00:00Z,201.4125,208.71,199.38,208.37,3212031,652963578.7516
1755014400000,2025-08-12T16:00:00Z,208.3764,213.19,200.2878,205.05,4095384,851271332.5369
1755100800000,2025-08-13T16:00:00Z,205.26,207.9,200.9,206.65,3179645,651372324.2296
1755187200000,2025-08-14T16:00:00Z,206.7399,206.7399,194.8101,197.8899,3001904,601797549.9881
1755273600000,2025-08-15T16:00:00Z,197.735,199,196.5,197.37,1822995,360147429.93
1755446400000,2025-08-17T16:00:00Z,196.7,199.2904,195.3,198.135,1181924,233084223.9082
1755532800000,2025-08-18T16:00:00Z,198.13,199.7855,191.76,194.235,2822084,555223148.3931
1755619200000,2025-08-19T16:00:00Z,194.235,194.665,183.85,188.295,4994751,945924468.8326
1755705600000,2025-08-20T16:00:00Z,188.3,196.6799,188.201,192.1708610617829,2863204,551872008.7674
1755792000000,2025-08-21T16:00:00Z,191.8320408338167,195.4996,188.1648101311234,192.061242752735,2879038,553283874.7827
1755878400000,2025-08-22T16:00:00Z,192.1210345576702,193.24,186.929112829129,191,1620312,308812784.2086
1756051200000,2025-08-24T16:00:00Z,191.3337757926899,194.6699,188.8723464895235,189.4403686364081,1098270,210495001.2251
1756137600000,2025-08-25T16:00:00Z,189.3706115306503,194.59,188.4139426516868,193.2969400547295,2390229,457485544.1811
1756224000000,2025-08-26T16:00:00Z,193.1972870465041,196.44,191.8918326387519,195.2700696175915,2662760,518788087.1134
1756310400000,2025-08-27T16:00:00Z,195.3099308208817,201.38,192.2306528667181,198.4290699783354,2863174,564754360.5441
1756396800000,2025-08-28T16:00:00Z,198.1201456528369,201,186.1318887633261,186.1318887633261,3141517,607503829.8628
1756483200000,2025-08-29T16:00:00Z,186.4507783896473,189.59,186.2315417715515,189,1698060,319907020.6932
1756742400000,2025-09-01T16:00:00Z,188.1349142286558,191.8918326387519,181.7471564014103,184.1886551029316,1483061,274146710.1723
1756828800000,2025-09-02T16:00:00Z,184.3979264202049,187.8,183.1024373132752,186.3411600805994,2640230,490061508.6845
1756915200000,2025-09-03T16:00:00Z,186.4109171863571,192.11,185.0058097703796,189.1015484084418,2776352,523774279.2732
1757001600000,2025-09-04T16:00:00Z,189.1713055141996,192.04,177.9603420888467,181.6275727915399,3828850,707240373.2018
1757088000000,2025-09-05T16:00:00Z,182.0261848244413,188.06,181.9962889219737,186.75,2067976,385474625.8004
1757260800000,2025-09-07T16:00:00Z,189.0716525059742,190.555,184.2235336558105,185.5040748115064,1532143,286171089.2819
1757347200000,2025-09-08T16:00:00Z,185.4293350553373,195.4999,179.2757617974214,192.8335535664815,4605802,875086866.5731
1757433600000,2025-09-09T16:00:00Z,192.7637964607238,211.3999,192.2804793708308,210.3874309653786,5069315,1024230530.1259
1757520000000,2025-09-10T16:00:00Z,210.3774656645561,212.88,205.6439477738515,206.3315535306065,6964139,1458497660.5168
1757606400000,2025-09-11T16:00:00Z,206.211969920736,208.92,201.488417330854,206.8497491733783,3181135,653907774.9905
1757692800000,2025-09-12T16:00:00Z,206.2817270264938,210.215,205.8482364407134,209.6999,1692974,353791498.6162
1757865600000,2025-09-14T16:00:00Z,208.982323549401,217.9,208.553815614032,215.3501507750015,2049551,440125450.3446
1757952000000,2025-09-15T16:00:00Z,215.3451681245902,216.92,206.9095409783135,208.6136074189672,3441579,732332334.6108
1758038400000,2025-09-16T16:00:00Z,208.5837115164996,213.8,206.6703737585727,207.1686387996994,3441755,720694997.8768
1758124800000,2025-09-17T16:00:00Z,207.1985347021671,214.4599,204.1092914471809,212.4103870323534,3378263,707474210.4376
1758211200000,2025-09-18T16:00:00Z,212.3306646257731,214.25,204.6573829924204,208.6484859718461,3739166,786043203.6342
1758297600000,2025-09-19T16:00:00Z,208.7531216304827,211.8,207.2583265071023,211,2369384,498849888.5106
1758470400000,2025-09-21T16:00:00Z,210.2678473555081,212.725,207.22,208.4641279066291,970142,203453174.3461
1758556800000,2025-09-22T16:00:00Z,208.7132604271925,219.82,204.8118451551697,207.2782571087474,6327306,1345538078.5555
1758643200000,2025-09-23T16:00:00Z,207.2981877103924,208.65,201.3190072168709,202.0165782744484,4531340,929243846.5096
1758729600000,2025-09-24T16:00:00Z,201.9866823719808,204.88,195.6188551463803,202.5746351205104,3546116,714848517.8159
1758816000000,2025-09-25T16:00:00Z,202.604531022978,205.66,198.22,202.9931777550569,2421061,490936266.0273
1758902400000,2025-09-26T16:00:00Z,203.2871541293217,207.5,202.6443922262682,205.575,1886990,387855267.0319
1759075200000,2025-09-28T16:00:00Z,205.8831149935923,215,198.1699721569495,205.1556480335472,4143513,838867335.024
1759161600000,2025-09-29T16:00:00Z,205.1257521310796,207.1267,190.0582172874053,192.2057396146618,5785968,1147811487.7258
1759248000000,2025-09-30T16:00:00Z,192.2057396146618,204.18,191.4683073537941,203.3868071375471,4575880,899168078.3103
1759334400000,2025-10-01T16:00:00Z,203.2273623243865,205,198.364295522989,202.1461271851413,4495399,907890598.1653
1759420800000,2025-10-02T16:00:00Z,202.0963006810287,210.2,200.7808809724539,205.7984099366007,5114251,1047437457.9941
1759507200000,2025-10-03T16:00:00Z,205.8133578878346,207.17,200.9104298831469,201.8,1969168,401356978.0311
1759680000000,2025-10-05T16:00:00Z,202.604531022978,207.93,196.9940666598903,198.6782024988989,2924377,588596194.6134
1759766400000,2025-10-06T16:00:00Z,198.6084453931411,203.9499,195.3796879266394,196.8445871475522,4197737,842997953.7019
1759852800000,2025-10-07T16:00:00Z,197.3876960423804,205.59,196.1470160899747,204.5527473337838,2578264,519388027.8491
1759939200000,2025-10-08T16:00:00Z,204.2089444554063,209.76,201.0499440946624,206.3813800347191,2686473,553356085.5737
1760025600000,2025-10-09T16:00:00Z,206.6305125552825,212.37,202.9732471534118,205.8033925870121,3504861,730657065.6292
1760112000000,2025-10-10T16:00:00Z,206.2020046199135,207.07,192.3913,195.7,2442205,491689868.5849
1760284800000,2025-10-12T16:00:00Z,195.8281264636536,208.5,195.8281264636536,207.5473202309558,1985171,407835491.9308
1760371200000,2025-10-13T16:00:00Z,207.6120946863023,209.95,201.1495971028878,205.5542600664487,2778250,574968747.1785
1760457600000,2025-10-14T16:00:00Z,205.4695550094571,216.035,203.1576052186288,209.948957729187,3851049,810863888.1628
1760544000000,2025-10-15T16:00:00Z,210.0336627861785,217.1,205.9429067985275,209.5503456962856,3087898,653501293.5929
1760630400000,2025-10-16T16:00:00Z,209.1517336633841,213.94,199.4953571663468,202.7241146328484,3630303,754898547.6734
1760716800000,2025-10-17T16:00:00Z,202.6543575270907,204.64,200.5,200.5,1759745,356709081.4951
1760889600000,2025-10-19T16:00:00Z,200.7609503708089,205.5,195.7135255041944,195.7135255041944,1370483,273766273.1081
1760976000000,2025-10-20T16:00:00Z,195.3796879266394,196.34,184.9161220629767,186.4009518855346,4768106,911487600.2992
1761062400000,2025-10-21T16:00:00Z,186.4208824871796,190.685,179.305657699889,181.3684749701539,5247698,974269105.6705
1761148800000,2025-10-22T16:00:00Z,181.2688219619286,190,179.9733328549989,187.8758164072699,3278338,609745307.8681
1761235200000,2025-10-23T16:00:00Z,187.9356082122051,201,187.8259899031572,198.99709212522,3719427,725154820.609
1761321600000,2025-10-24T16:00:00Z,198.8974391169946,202,198.6682371980763,201.34,2247091,451061738.6518
1761494400000,2025-10-26T16:00:00Z,200.2925812321497,205.72,195.8480570652986,196.7349688385043,1677994,335681519.2968
1761580800000,2025-10-27T16:00:00Z,196.5356628220536,202.4,183.879730777433,187.9555388138502,7326156,1404186284.5897
1761667200000,2025-10-28T16:00:00Z,188.1847407327685,200.7299,187.9555388138502,197.9108743355636,6504620,1263274314.5705
1761753600000,2025-10-29T16:00:00Z,197.7713601240481,200.1,190.3771069137264,190.6959965400476,4212876,830763328.7138
1761840000000,2025-10-30T16:00:00Z,190.7059618408701,193.1671,185.7681552833036,185.962478649343,3361771,638004267.7866
1761926400000,2025-10-31T16:00:00Z,185.8628256411176,189.25,182.9728884025822,188.4,2127623,397480527.1556
1762099200000,2025-11-02T16:00:00Z,189.0616872051517,194,187.3476554636755,193.0577728349886,1123678,215268171.6489
1762185600000,2025-11-03T16:00:00Z,193.047807534166,195.19,184.8314170059852,190.0382866857602,2834741,544913925.9211
1762272000000,2025-11-04T16:00:00Z,190.127974393163,190.88,175.7978718103563,187.9455735130276,3228406,603414436.6255
1762358400000,2025-11-05T16:00:00Z,187.9754694154953,192.475,179.2956923990665,182.1756643367793,4753127,891018623.7253
1762444800000,2025-11-06T16:00:00Z,181.9364971170385,186.61,176.2263797457254,181.1592036528807,5374265,982953152.4864
1762531200000,2025-11-07T16:00:00Z,181.0097241405426,191.77,177.0734303156409,191.7,3598599,664521507.116
1762704000000,2025-11-09T16:00:00Z,191.3337757926899,196.8,184.5175100300753,185.0755668761373,1406512,267479921.4328
1762790400000,2025-11-10T16:00:00Z,184.7766078514612,188.75,179.3255883015341,179.8836451475961,3531786,654934858.167
1762876800000,2025-11-11T16:00:00Z,180.0032287574665,183.39,177.352458738672,177.4570943973086,3824620,689854202.8815
1762963200000,2025-11-12T16:00:00Z,177.6364698121142,180.71,170.1475462439785,170.9746662122489,4393856,777435641.3871
1763049600000,2025-11-13T16:00:00Z,171.3134864402152,178.38,162.76,176.9588293561818,5170195,890743447.8221
1763136000000,2025-11-14T16:00:00Z,177.093360917286,180,173.6354015318661,176,2792340,490736270.0632
1763308800000,2025-11-16T16:00:00Z,176.3758592580634,179.52,172.01,175.2099190618267,684262,121259151.2667
1763395200000,2025-11-17T16:00:00Z,175.4191903791,178.99,170.0877544390433,172.0010921969702,3034654,530120424.7633
1763481600000,2025-11-18T16:00:00Z,171.1540416270546,181.5,170.7952907974433,179.7242003344355,3018023,533191751.4632
1763568000000,2025-11-19T16:00:00Z,179.7590788873144,189.29,176.7944018926099,185.3944565024585,3330591,606371050.9402
1763654400000,2025-11-20T16:00:00Z,185.3446299983458,186.15,162.4991778626821,163.2415927739611,4202351,728673794.7234
1763740800000,2025-11-21T16:00:00Z,163.2316274731386,170.85,161.9361383662089,168.7,4090361,687393337.2051
1763913600000,2025-11-23T16:00:00Z,174.323007288621,177.8507237797988,165.6332649713697,170.4863664719447,1532068,258046045.0692
1764000000000,2025-11-24T16:00:00Z,170.8152213990884,176.8599,165.3293232962824,167.8854229572628,4146364,712715185.4162
1764086400000,2025-11-25T16:00:00Z,167.6163598350544,177.72,167.1878518996853,176.0121257780409,2910928,501758863.8621
1764172800000,2025-11-26T16:00:00Z,176.4854775671113,177.96,174.9408559396183,176.99,1681420,297271370.043
1764259200000,2025-11-27T16:00:00Z,177.352458738672,180.24,176.358,178.5781907398439,586176,105010551.7942
1764345600000,2025-11-28T16:00:00Z,178.8372885612298,180.77,177.6613830641706,178.01,1154139,206756981.2691
1764518400000,2025-11-30T16:00:00Z,179.6046167245651,179.6046167245651,172.3797736282265,174.2084063291619,819869,143130212.7189
1764604800000,2025-12-01T16:00:00Z,173.7250892392689,176.48,171.3533476435053,172.1007452051955,2929093,511143479.6267
1764691200000,2025-12-02T16:00:00Z,171.7120984731166,174.8417,168.3836879983896,172.3299471241139,2612186,451174495.6641
1764777600000,2025-12-03T16:00:00Z,172.3598430265815,176.43,170.3966787645419,175.6483922980183,2351944,407064647.261
1764864000000,2025-12-04T16:00:00Z,175.5587045906155,178.08,169.0513631534995,169.4300445847559,3040284,531998630.0846
1764950400000,2025-12-05T16:00:00Z,169.5795240970939,170.29,165.9222586952232,167.45,2993460,503317542.6601
1765123200000,2025-12-07T16:00:00Z,169.4001486822883,169.4001486822883,163.9989556364738,164.9157633121471,1181300,196392576.4172
1765209600000,2025-12-08T16:00:00Z,164.8858674096795,169.21,163.5256038474034,168.632820518953,3279414,545183205.3454
1765296000000,2025-12-09T16:00:00Z,168.6926123238882,169.91,158.1293934520002,160.4413432428285,4076175,669596141.6222
1765382400000,2025-12-10T16:00:00Z,160.6107533568116,166.6471,159.3750560548171,165.0752081253077,4610716,755897327.9684
1765468800000,2025-12-11T16:00:00Z,164.9954857187274,180,164.6765960924063,171.9213697903899,6004025,1034382389.8101
1765555200000,2025-12-12T16:00:00Z,172.2801206200012,173.16,167.0433550377585,169.3,3124417,532000239.1578
1765728000000,2025-12-14T16:00:00Z,169.4001486822883,173.25,169.1011896576122,169.2905303732404,1223841,209228312.038
1765814400000,2025-12-15T16:00:00Z,169.4798710888686,173.8,164.9356939137922,170.6557765859278,3678091,622101768.3111
1765900800000,2025-12-16T16:00:00Z,171.0244927163616,175.14,161.8065894555159,162.25502799253,4015170,683083796.7895
1765987200000,2025-12-17T16:00:00Z,162.25502799253,171.92,158.2290464602255,168.1146248761811,7048853,1152451912.3897
1766073600000,2025-12-18T16:00:00Z,168.1793993315276,171.41,163.4110028879442,163.9790250348287,6253297,1041300402.3523
1766160000000,2025-12-19T16:00:00Z,163.8195802216681,165.99,162.1454096834821,163.9007,3160496,519352510.2069
1766332800000,2025-12-21T16:00:00Z,163.4408987904118,165.8525015894655,160.4164299907721,161.2286020078088,1087112,176535110.5735
1766419200000,2025-12-22T16:00:00Z,161.268463211099,163.7,159.7935986893636,161.6072834390652,3235998,524154826.6728
1766505600000,2025-12-23T16:00:00Z,161.3780815201469,163.215,159.4547784613974,161.4029947722032,3082471,498798481.3029
1766592000000,2025-12-24T16:00:00Z,161.7966241546934,162.585,161.1189836987609,161.5,769380,124718413.9626
1766678400000,2025-12-25T16:00:00Z,161.8464506588061,163.221662172316,159.2455071441242,161.696971146468,574875,93079822.0433
1766764800000,2025-12-26T16:00:00Z,162.1155137810145,162.68,160.451308543651,161,1250308,202018243.8265
1766937600000,2025-12-28T16:00:00Z,160.6207186576341,164.2,159.52,162.0457566752568,723343,117522635.1232
1767024000000,2025-12-29T16:00:00Z,162.105548480192,163.06,160.4612738444736,161.2784285119215,2191469,355034531.7178
1767110400000,2025-12-30T16:00:00Z,161.268463211099,164.5,160.9296429831327,161.3382203168567,1767784,286957868.5373
1767196800000,2025-12-31T16:00:00Z,161.3481856176792,162.77,160.7652155195609,161.1888,1141357,184977190.4082
1767283200000,2026-01-01T16:00:00Z,159.4348478597524,169.2799,159.4348478597524,165.6183170201359,1238225,206384975.9505
1767369600000,2026-01-02T16:00:00Z,165.7279353291838,167.91,163.9690597340062,165.75,2215021,366566450.2787
1767542400000,2026-01-04T16:00:00Z,167.8555270547952,171.655,159.9729741041693,160.6605798609243,1391293,230477126.6885
1767628800000,2026-01-05T16:00:00Z,160.8100593732623,173.74,159.6640497786707,166.4603849396402,5138092,856786900.8248
1767715200000,2026-01-06T16:00:00Z,165.9820505001585,170,156.1413159379042,159.5095876159214,5826990,957081530.4795
1767801600000,2026-01-07T16:00:00Z,159.5245355671552,160.4,148.8267851341628,150.874654453194,8715414,1350522233.6251
1767888000000,2026-01-08T16:00:00Z,151.1935440795151,178.45,149.220414516653,170.1425635935672,11145546,1836984325.73
1767974400000,2026-01-09T16:00:00Z,170.0977197398658,171.3499,165.3343059466936,167.33,6338762,1064411506.7318
1768147200000,2026-01-11T16:00:00Z,169.1211202592573,175.47,163.9491291323611,173.9941523614773,2456184,420982141.2403
1768233600000,2026-01-12T16:00:00Z,174.0091003127112,177.98,170.4465052686545,173.5058526211731,5594122,971701926.4316
1768320000000,2026-01-13T16:00:00Z,173.4958873203505,175.8178024120014,165.7528485812401,166.8789275741867,4279625,736277421.7718
1768406400000,2026-01-14T16:00:00Z,166.8589969725416,182.18,165.5734731664345,181.4083361734441,5180962,899261394.2487
1768492800000,2026-01-15T16:00:00Z,181.238926059461,185.8,162.8629113427047,167.292487558322,10073343,1739122266.4702
1768579200000,2026-01-16T16:00:00Z,167.292487558322,170.43,164.4075329701978,166.89,5866252,982861975.2876
1768838400000,2026-01-19T16:00:00Z,164.4274635718429,166.7493786634937,158.69,162.7034665295441,2053445,333759720.1765
1768924800000,2026-01-20T16:00:00Z,162.663605326254,163.22,155.7028427017127,157.4916141993578,6114534,967771796.9209
1769011200000,2026-01-21T16:00:00Z,157.2325163779719,164.5,153.3161531547153,161.6072834390652,5610194,892058754.3514
1769097600000,2026-01-22T16:00:00Z,161.7318496993469,163.26,157.7008855166311,158.7970686071101,3672369,591686321.6572
1769184000000,2026-01-23T16:00:00Z,159.0063399243833,162.07,158.08953224871,160.12,2865309,459044467.3237
1769356800000,2026-01-25T16:00:00Z,159.8135292910087,165.31,157.5613713051156,161.0292959913581,1150574,186640775.4915
1769443200000,2026-01-26T16:00:00Z,160.859885877375,163.48,157.38199589031,162.1454096834821,3563742,572100479.1389
1769529600000,2026-01-27T16:00:00Z,162.1354443826596,166.8,160.6755278121581,161.4876998291948,3488176,568977435.5826
1769616000000,2026-01-28T16:00:00Z,161.1737928532849,167.88,159.2255765424791,159.6341538762031,3578814,587700214.1444
1769702400000,2026-01-29T16:00:00Z,159.5145702663326,164.5,158.2788729643382,160.152349518975,3802804,612549795.6183
1769788800000,2026-01-30T16:00:00Z,159.7039109819608,160.63,156.3705178568226,158.0499,2376371,376887959.695
1769961600000,2026-02-01T16:00:00Z,158.4582483791438,159.98,152.7381657070082,156.4502402634028,1474078,231685750.8681
1770048000000,2026-02-02T16:00:00Z,156.4502402634028,157.2396,151.4775551529574,154.0685333668167,4631287,717182829.4511
1770134400000,2026-02-03T16:00:00Z,154.2927526353238,154.905,141.7464388997511,141.8361266071539,6525377,971319532.9728
1770220800000,2026-02-04T16:00:00Z,141.596959387413,144.01,138.0493122945902,140.0124765566298,10016933,1413302836.382
1770307200000,2026-02-05T16:00:00Z,139.9327541500495,152.26,138.9661199702635,147.8202897510867,6181288,894372701.4666
1770393600000,2026-02-06T16:00:00Z,147.6558622875149,151.68,147.5861051817571,150.5,4468258,670047887.6147
1770566400000,2026-02-08T16:00:00Z,150.5059383227602,155.78,147.4964174743543,154.6813993674027,1552661,236936571.9674
1770652800000,2026-02-09T16:00:00Z,154.6714340665802,161.42,151.5821908115941,158.8468951112227,5180742,805716925.1393
1770739200000,2026-02-10T16:00:00Z,158.7721553550537,165.31,154.3774576923154,159.0312531764396,7579530,1210319106.8943
1770825600000,2026-02-11T16:00:00Z,159.205645940834,166.21,158.4383177774988,163.7099619126203,4122367,666756269.1781
1770912000000,2026-02-12T16:00:00Z,164.0188862381189,170.25,160.4114473403609,167.945214762198,7111005,1169703623.5984
1770998400000,2026-02-13T16:00:00Z,168.2591217381079,171.66,167.9153188597304,171.45,3468898,591020693.7817
1771257600000,2026-02-16T16:00:00Z,172.2701553191786,174.69,168.3338614942769,174.0140829631224,1450507,249943284.3445
1771344000000,2026-02-17T16:00:00Z,174.1137359713478,176.65,169.5695587962714,172.3897389290491,3813730,663159053.3966
1771430400000,2026-02-18T16:00:00Z,172.4096695306941,173.1919,168.25,170.3169563579616,2878676,492882300.9366
1771516800000,2026-02-19T16:00:00Z,170.212320699325,173.5,168.3189135430431,172.2900859208237,3023337,517590571.8832
1771603200000,2026-02-20T16:00:00Z,171.8565953350434,172.6,168.483341006615,171.807,2474315,421963499.8227
1771776000000,2026-02-22T16:00:00Z,170.3966787645419,171.84,167.8156658515051,167.945214762198,825018.84880599983,140522024.417472429782099
1771862400000,2026-02-23T16:00:00Z,167.79573524986,169.48,162.5290737651498,165.862466890288,4139359.038977999828,690229555.4505606572916392
1771948800000,2026-02-24T16:00:00Z,165.9621198985134,174.84,165.9621198985134,171.4231047492631,3879966.96078299982,662771655.002661833203232
1772035200000,2026-02-25T16:00:00Z,171.4231047492631,180.5,163.6999966117977,168.5082542586713,6147090.988930000199,1057409148.3623741975247889
1772121600000,2026-02-26T16:00:00Z,168.5431328115502,178.31,167.646255737522,173.077344685804,5512219.6245560003,954765977.2738025360179
1772208000000,2026-02-27T16:00:00Z,173.7051586376238,175,170.4265746670095,172.6395,2372686.39080500003,410586411.224169957680148
1772380800000,2026-03-01T16:00:00Z,169.8186913168348,176.52,165.6930567763049,172.2452420671223,1327689.7212419996,229384046.22400914328472
1772467200000,2026-03-02T16:00:00Z,172.2851032704124,173.99,152.4591372839772,155.2095603109971,6129501.607077000096,999091233.4615039835481452
1772553600000,2026-03-03T16:00:00Z,155.1348205548281,164.21,154.8009829772732,161.4677692275497,4454397.241420999778,716840326.8336816072014546
1772640000000,2026-03-04T16:00:00Z,161.4876998291948,167.28,160.0526965107496,165.9720851993359,3841375.733194000039,628236304.6654252252737312
1772726400000,2026-03-05T16:00:00Z,166.4653675900515,168.38,162.836,166.829101070074,5220512.11757000056,865924639.267256337075818
1772812800000,2026-03-06T16:00:00Z,166.883910224598,168.08,157.8902262322593,158.5,3292643.536631000345,534383803.123850531666891
1772985600000,2026-03-08T16:00:00Z,157.4716835977128,160.84,150.9743074614193,159.9231476000566,1355249.2914900002,213838231.2556387720772
1773072000000,2026-03-09T16:00:00Z,159.8832863967665,168.36,158.9017042657467,167.2476437046205,3109048.8886609997,508822945.90456318428816
1773158400000,2026-03-10T16:00:00Z,167.1978172005079,168.79,157.6410937116959,158.5379707857241,3478727.66118899988,567946242.988838549512754
1773244800000,2026-03-11T16:00:00Z,158.6027452410706,163.2,154.6614687657576,161.8863118620962,4957928.25775499977,788212178.620669197056188
1773331200000,2026-03-12T16:00:00Z,161.956068967854,165.24,157.8702956306142,160.1423842181524,3465200.54959999977,559282621.792911767648023
1773417600000,2026-03-13T16:00:00Z,160.1324189173299,161.47,157.2026204755043,159.54,1937199.50495900007,309256802.303695695500724
1773590400000,2026-03-15T16:00:00Z,159.4448131605749,162.675,159.3052989490594,160.3815514378933,738276.13898300005,119331432.237306852571955
1773676800000,2026-03-16T16:00:00Z,160.2320719255552,164.84,159.5793447216791,162.7134318303667,1944841.53188799988,315795759.700005017313917
1773763200000,2026-03-17T16:00:00Z,162.6337094237864,171.4948,162.5938482204962,169.6094199995615,2208446.8981920001,368534768.729102361349528
1773849600000,2026-03-18T16:00:00Z,169.4898363896911,173,163.9391638315386,166.2610789231895,2931450.94982700027,497578995.32792029753234
1773936000000,2026-03-19T16:00:00Z,166.271044224012,169.6,155.6878947504788,155.7676171570591,3728966.59831300071,608525894.343962426904808
1774022400000,2026-03-20T16:00:00Z,155.9569578726873,157.265,144.3573477152555,149.4,6432300.1757840003,963077464.56828820483192
1774195200000,2026-03-22T16:00:00Z,148.9812472969122,155.9,142.414114054861,151.1038563721123,2359351.924681,360531622.0995946912
1774281600000,2026-03-23T16:00:00Z,151.432711299256,154.2099,149.08,152.0804558527208,2968926.07705299988,452277749.261833316497727
1774368000000,2026-03-24T16:00:00Z,152.045577299842,157.95,149.5592347446193,153.311170504304,3529142.322474999852,540584290.9621292219434618
1774454400000,2026-03-25T16:00:00Z,153.5054938703435,154.06,146.1660498145458,148.7221494755262,3450088.966332999839,519109479.144107569632801
1774540800000,2026-03-26T16:00:00Z,148.717166825115,160.2,147.1277013439205,159.1657847375439,4403025.44569699904,674919664.745292880970808
1774627200000,2026-03-27T16:00:00Z,159.1657847375439,159.74,154.2329608303886,154.3,2023792.70725300012,315739403.79618281487172
1774800000000,2026-03-29T16:00:00Z,153.4656326670533,158.93,149.4197205331038,151.8064100801011,1310037.6035409999,200642822.25227651268878
1774886400000,2026-03-30T16:00:00Z,151.5821908115941,152.1,142.13508563183,146.2108936682472,4723763.440919000264,697156965.1827435298803536
1774972800000,2026-03-31T16:00:00Z,146.2009283674247,155.76,146.2009283674247,155.0700460994816,4018805.09506499995,607493039.790568314637855
1775059200000,2026-04-01T16:00:00Z,154.9604277904337,156.34,149,151.2882144373292,2995101.523339999632,461830023.493893349382284
1775145600000,2026-04-02T16:00:00Z,151.4127806976109,152.53,149.6339745007883,151.04,1494716.49674699983,226055971.743090482777468
1775404800000,2026-04-05T16:00:00Z,151.4626072017236,153.105,149.6389571511995,150.1073262898587,736269.9769590000803,111496359.1106985930080789
1775491200000,2026-04-06T16:00:00Z,150.1471874931488,153,149.4396511347488,151.0191513151208,1786449.09824199994,271164331.616014697599708
1775577600000,2026-04-07T16:00:00Z,151.1237869737574,162,150.9194983068954,157.7955558744452,2475014.182545000108,385874846.3686014635733179
1775664000000,2026-04-08T16:00:00Z,157.7855905736227,162.53,154.5219545542422,161.1588449020511,3614728.20798999973,570515899.060321883243897
1775750400000,2026-04-09T16:00:00Z,161.2186367069863,162.17,152.1801088609462,157.6410937116959,3280995.5314070001254,512935752.2002536510404948
1775836800000,2026-04-10T16:00:00Z,156.9534879549409,158,153.5,154.73,1246609.49467700004,193989481.99269651679245
1776009600000,2026-04-12T16:00:00Z,154.7312258715154,160.05,151.004203363887,157.3919611911325,1400168.911007000129,219933547.4138477067715255
1776096000000,2026-04-13T16:00:00Z,157.5215101018255,163.57,157.1428286705691,162.7532930336568,4071710.6175240004,651435877.034256091131335
1776182400000,2026-04-14T16:00:00Z,162.6038135213188,166.52,161.7268670489356,163.5505170994597,3066686.638560999779,504266288.7132324473331747
1776268800000,2026-04-15T16:00:00Z,163.704979262209,166.92,161.7169017481131,165.2246876376457,2572079.763774000028,422174573.7628619918810052
1776355200000,2026-04-16T16:00:00Z,165.1947917351781,169.2,161.7766935530483,162.2649932933526,3371799.05502600024,555615895.013377060922802
1776441600000,2026-04-17T16:00:00Z,161.9361383662089,164.97,161.9162077645638,164,1626820.365539,266455705.82908950061957
1776614400000,2026-04-19T16:00:00Z,164.4174982710203,164.4174982710203,160.0327659091045,160.8897817798426,1004872.59697300002,162845104.69618916185438
1776700800000,2026-04-20T16:00:00Z,160.730336966682,161.83,153.869227350366,155.1398032052394,2954690.511070000143,469316906.5473442402753308
1776787200000,2026-04-21T16:00:00Z,155.3590398233352,159.08,153.7047998867942,155.6878947504788,2452618.27161900023,381968607.927669007178789
1776873600000,2026-04-22T16:00:00Z,155.8672701652845,158.87,153.9738630090027,157.5264927522367,2232221.92364599999,348988894.920654783931026
1776960000000,2026-04-23T16:00:00Z,157.3421346870198,164.14,154.4422321476618,163.45,2746464.135063999961,436402344.1444928316218624
1777046400000,2026-04-24T16:00:00Z,163.08,165.48,162.16,164.845,1663499.16517999994,273268899.875088405218228
1777219200000,2026-04-26T16:00:00Z,165.76,170.97,158.735,165.09,1750867.1455870000968,286043222.1847059675895638
1777305600000,2026-04-27T16:00:00Z,165.015,168.42,158.72,160.41,4501725.3657900000267,736928625.3392570118473795
1777392000000,2026-04-28T16:00:00Z,160.44,162.5,155.69,156.225,3900351.76076400069,623948033.031597143585268
1777478400000,2026-04-29T16:00:00Z,156.18,161.89,152.99,159.24,4106350.409192999543,639840985.201899975648788
1777564800000,2026-04-30T16:00:00Z,159.24,160.23,157.2518,158.345,3019915.174749000208,478895561.0143011928880665
1777651200000,2026-05-01T16:00:00Z,158.33,158.375,154.93,155.49,1730246.97706299993,270678257.259688711239356
1777824000000,2026-05-03T16:00:00Z,158.73,162.38,155.17,158.99,1847075.3817520001001,295760483.0042596727981925
1777910400000,2026-05-04T16:00:00Z,158.805,163.8,157.6154,161.44,3589415.93205999974,576141399.67884279908041
1777996800000,2026-05-05T16:00:00Z,161.54,165,156.6,158.225,4519684.860549999963,719521778.9917977678213156
1778083200000,2026-05-06T16:00:00Z,158.41,169.79,157.61,160.98,7527469.245205000001,1210549706.4368486799119606
1778169600000,2026-05-07T16:00:00Z,161.205,161.215,148.33,149.2,6690302.0642789996407,1026852196.411937084927898
1778256000000,2026-05-08T16:00:00Z,149.26,149.31,146.98,148.75,3894519.8738120001,576137820.82660745165192
1778428800000,2026-05-10T16:00:00Z,148.75,149.88,146.2781,149.34,2213308.995174999699,328201521.4148804806653838
1778515200000,2026-05-11T16:00:00Z,149.325,152.8,145.66,146.12,4675476.55266599883,698405969.446861349446068
1778601600000,2026-05-12T16:00:00Z,146.03,148.91,139.51,141.28,5491720.343226001204,790909953.8216379140787172
1778688000000,2026-05-13T16:00:00Z,141.22,143.98,139.9221,140.44,4714681.9979379998366,669046494.2359551735093959
1778774400000,2026-05-14T16:00:00Z,140.53,142.26,137.81,139.12,4605402.9831479996138,645772429.9656275819406539
1778860800000,2026-05-15T16:00:00Z,138.83,141.09,138.65,139.0976,3134993.767264999656,438884302.0677058796299292
1779033600000,2026-05-17T16:00:00Z,139.56,141.12,134.76,134.81,2727114.82120900000297,371775365.2005420956386903
1779120000000,2026-05-18T16:00:00Z,134.81,137.86,132.66,134.39,5682870.3545260003902,765224437.0397115406796345
1779206400000,2026-05-19T16:00:00Z,134.495,143.35,134.09,143.065,5649733.799809999681,782904488.3720517062982587
1779292800000,2026-05-20T16:00:00Z,143.18,148.78,142.98,148.57,5959765.7245319998,863733282.4102597184320163
1779379200000,2026-05-21T16:00:00Z,148.71,157.16,147.665,157.15,5281065.3786439997273,803827368.4272617478281313
1779465600000,2026-05-22T16:00:00Z,157.07,157.58,155.3966,155.7739,2764746.3959089995395,432503542.3129311676787643
1779724800000,2026-05-25T16:00:00Z,156.79,167.4,155.99,165.12,4326582.869085000498,710524556.2968853601720056
1779811200000,2026-05-26T16:00:00Z,165.135,166.63,158.4101,158.61,5629783.059880999718,918820673.7810357596936746
1779897600000,2026-05-27T16:00:00Z,158.51,163.54,156.55,163.135,3476334.421542000038,557194601.4799812704267592
1779984000000,2026-05-28T16:00:00Z,163.185,163.53,156.88,159.71,2986632.8105120001003,479654988.7855704850290985
1780070400000,2026-05-29T16:00:00Z,159.515,160.44,158.23,159.79,1563666.14395200001,249040723.82862257708409
1780243200000,2026-05-31T16:00:00Z,159.7,161.3,151.33,156.09,1912406.35787599997,296225441.201152349522144
1780329600000,2026-06-01T16:00:00Z,156.32,160.71,153.003,160.333,3904429.035511999826,609025940.0084977373029263
1780416000000,2026-06-02T16:00:00Z,160.332,160.76,154.628,155.438,3017347.2684450000397,476956592.5694436500464742
1780502400000,2026-06-03T16:00:00Z,155.436,155.436,150.222,152.382,3842753.4211449999401,588206989.9578440815105741
1780588800000,2026-06-04T16:00:00Z,152.382,154.29,149.811,149.849,2260377.308494999983,344099847.6695489533632109
1780675200000,2026-06-05T16:00:00Z,149.849,149.919,146.885,147.285,2211294.773639999951,329067253.740243534549584
1780848000000,2026-06-07T16:00:00Z,148.03,150.92,146.45,147.866,1352908.470745999959,200227495.4067468305354187
1780934400000,2026-06-08T16:00:00Z,147.869,150.117,143.627,143.759,2899071.28071300004,426293741.516032605865687
1781020800000,2026-06-09T16:00:00Z,143.55,146.532,137.97,140.316,4644788.97680900031,662121653.652018613215254
1781107200000,2026-06-10T16:00:00Z,140.317,145.685,136.757,144.584,4759997.555515999954,671811619.7691233957747374
1781193600000,2026-06-11T16:00:00Z,144.583,150.39,143.651,147.35,3085108.381113999789,452278994.1670615802070698
1781280000000,2026-06-12T16:00:00Z,147.358,149.6,147.174,148.355,2648850.01711900006,392923507.362373079524232
1781452800000,2026-06-14T16:00:00Z,150.04,154.69,148.829,153.944,1441193.72232499975,219670596.993939452853875
1781539200000,2026-06-15T16:00:00Z,153.944,160.21,152.67,158.244,3846298.29459999995,600524578.257569354786295
1781625600000,2026-06-16T16:00:00Z,158.243,161.694,157.425,161.423,3436754.9633840002297,549509166.1055973326755423
1781712000000,2026-06-17T16:00:00Z,161.424,169.89,158.093,169.71,5098466.7750849995497,830725484.9310799807472188
1781798400000,2026-06-18T16:00:00Z,169.703,170.345,162.408,163.6,2779972.7410229999317,459895593.3797592894613966
1782057600000,2026-06-21T16:00:00Z,163.8,168,162.21,166.836,1312484.877947000109,217863933.606159203237301
1782144000000,2026-06-22T16:00:00Z,166.842,170.47,159.371,164.545,3902386.3954420000472,648679915.228708499345021
1782230400000,2026-06-23T16:00:00Z,164.546,165.587,159.994,164.329,2834724.766802,461927628.164780031698829
1782316800000,2026-06-24T16:00:00Z,164.328,171.12,161.37,166.219,2926505.93740799971,484965485.854688987837634
1782403200000,2026-06-25T16:00:00Z,166.27,168.92,163.41,166.545,2985494.858346000266,498036521.513195923497597
1782489600000,2026-06-26T16:00:00Z,166.766,166.771,162.725,164.05,1654020.691629000085,272049601.778346380082881
1782662400000,2026-06-28T16:00:00Z,164.03,165.605,161.175,163.76,1058205.0497210001404,172649510.2321178953873005
1782748800000,2026-06-29T16:00:00Z,163.685,165.387,160.705,162.48,2743510.8605839998903,447878237.40708839
1782835200000,2026-06-30T16:00:00Z,162.285,163.085,151.2,152.21,5341154.2833589995178,838330086.059120212
1782921600000,2026-07-01T16:00:00Z,152.09,156.107,150.863,151.155,3941734.8387029996664,602940516.65650115
1783008000000,2026-07-02T16:00:00Z,151.26,152.99,148.59,151,2181418.541384,328195256.8898596645
1783267200000,2026-07-05T16:00:00Z,151.2,155.712,151.186,153.81,1112892.0815719999397,171421870.00222938
1783353600000,2026-07-06T16:00:00Z,153.83,159.28,153.489,155.145,3510574.7603489998109,547089269.7694111925
1783440000000,2026-07-07T16:00:00Z,155.135,156.55,151.397,151.81,2622948.73462000008023,406345737.382758189244598
1783526400000,2026-07-08T16:00:00Z,151.88,161.09,151.59,159.06,3733022.96441499992987,579902851.011055262
1783612800000,2026-07-09T16:00:00Z,159.13,160.125,157.24,158.76,2887049.5857110000298,458212799.40801502
1783699200000,2026-07-10T16:00:00Z,158.78,159.61,157.99,158.405,2953736.881045,469332245.2369645639
1783872000000,2026-07-12T16:00:00Z,158,159.422,156.49,156.5,1007083.4719879999604,159006062.4170537645
1783958400000,2026-07-13T16:00:00Z,156.26,168.07,156.26,159.67,5288084.5934429993498,851034967.52773048
1784044800000,2026-07-14T16:00:00Z,159.69,166.734,157.12,161.287,7501388.289367,1210200356.4387670838
1784131200000,2026-07-15T16:00:00Z,161.38,161.5,150.76,150.88,5496982.36936499985,862277400.3667835274
1784217600000,2026-07-16T16:00:00Z,150.9,155.485,148.2,155.485,6714663.1959259996992,1018581511.965055625
1784304000000,2026-07-17T16:00:00Z,155.38,157.247,153.99,154.234,3632604.111610000003,565108516.1806544725654365
1784476800000,2026-07-19T16:00:00Z,155,158.21,154.616,156.605,746606.4967910000324,116893176.249790316
1784563200000,2026-07-20T16:00:00Z,156.8,163.72,156.518,162.995,3937998.4279769996573,626326790.3412055994577261
1784649600000,2026-07-21T16:00:00Z,162.92,167.645,159.62,166.636,4945416.582607,809728098.2154181384
1784736000000,2026-07-22T16:00:00Z,166.67,167.832,163.506,165.57,2790386.7085059998012,465434042.0327756218
1784822400000,2026-07-23T16:00:00Z,165.51,169.769,165.275,169.715,2312841.03417499994961,388954391.6206094174
1784908800000,2026-07-24T16:00:00Z,169.717,169.717,162.35,164.55,2525100.700225,415500543.9120957685
1785081600000,2026-07-26T16:00:00Z,165.25,167.49,156.25,157.547,2093899.033262,333298567.6749691796
1785168000000,2026-07-27T16:00:00Z,157.53,158.85,146.308,150.14,5626499.3138160001321,860619709.85643271
1785254400000,2026-07-28T16:00:00Z,150.136,151.74,143.1,143.318,6499692.990719,960488359.356823086
1785340800000,2026-07-29T16:00:00Z,143.319,151.659,141.955,148.41,5258043.059194999999,764561469.491226737
1785427200000,2026-07-30T16:00:00Z,148.361,153.08,146.62,147.579,5054355.416007000002,751572221.9170515431971476
1785513600000,2026-07-31T16:00:00Z,147.585,148.765,147.151,147.979,4000033.220254,592657331.630283151
1785686400000,2026-08-02T16:00:00Z,149,154.364,146.26,154.21,1326155.936519999952,200177024.390872029
1785772800000,2026-08-03T16:00:00Z,154.16,158.909,144.46,144.75,7345917.4491940001789,1104165092.448619944
1785859200000,2026-08-04T16:00:00Z,144.739,146.215,140.95,141.361,12102015.882115,1740661499.7940795064
1785945600000,2026-08-05T16:00:00Z,141.28,143,140.18,141.97,5940303.3013150002655,838884223.1324909133
1786032000000,2026-08-06T16:00:00Z,141.977,146.07,134.8,141.46,8233876.479457001233,1153914859.7783653289582908
1786118400000,2026-08-07T16:00:00Z,141.609,142.7,139.392,140.645,4035366.099163,569331414.5337858409
1786291200000,2026-08-09T16:00:00Z,140.68,144.85,140.55,143.16,2110328.4508810000892,301975837.4952200112884865
1786377600000,2026-08-10T16:00:00Z,143.196,146.89,142.78,145.095,5532278.732004,797211612.6192426188
1786464000000,2026-08-11T16:00:00Z,145.095,149.5,144.241,146.575,3976721.907692,579912547.8494437143
1786550400000,2026-08-12T16:00:00Z,146.573,147.865,144.845,145.425,2574991.2672699999029,376945313.0530792086
1786636800000,2026-08-13T16:00:00Z,145.39,150.07,145.346,148.069,3537187.198734,520518287.9459802673
1786723200000,2026-08-14T16:00:00Z,148.063,149.359,148.036,148.345,2147877.885027,319153091.7736491171
1786896000000,2026-08-16T16:00:00Z,148.71,150.305,145.302,146.675,2961335.878916999901,433682941.740395193
1786982400000,2026-08-17T16:00:00Z,146.79,147.544,143.195,144.27,3120783.671839000207,455315774.6831517144
1787068800000,2026-08-18T16:00:00Z,144.347,144.545,138.17,140.431,4260193.40413,599032560.8421115656
1787155200000,2026-08-19T16:00:00Z,140.43,143.641,139.525,139.751,2164210.63529,306562052.5100556556
1787241600000,2026-08-20T16:00:00Z,139.752,141.22,136.56,137.545,4584783.1860459999587,635297145.8778463004
1787328000000,2026-08-21T16:00:00Z,137.56,137.77,136.19,137.574,4186772.388622,572646060.2291819648
1787500800000,2026-08-23T16:00:00Z,137.24,138,134.56,136.625,2137499.812877000102,290638720.1985732268
1787587200000,2026-08-24T16:00:00Z,136.572,140.227,135.63,138.345,6320889.154361,865449146.8587524984
1787673600000,2026-08-25T16:00:00Z,138.345,144.01,138.158,140.409,5701705.392862,799124729.7006810963
1787760000000,2026-08-26T16:00:00Z,140.414,143.359,138.48,139.061,4255599.658064,597135106.3935076488
1787846400000,2026-08-27T16:00:00Z,139.062,141.034,138.19,138.299,3632011.885632999997,507201405.2814927031822863
1787932800000,2026-08-28T16:00:00Z,138.299,139.045,136.65,138.075,2767703.628223,380010414.1964599607
1788105600000,2026-08-30T16:00:00Z,137.05,138.85,135.674,137.26,1755425.233836999805,239738732.1103594152
1788192000000,2026-08-31T16:00:00Z,137.19,139.22,134.985,138.5,4711939.358857999998,646304689.3063945965
1788278400000,2026-09-01T16:00:00Z,138.68,141.94,136.69,140.38,4736576.203077000179,657665056.0478520017
1788364800000,2026-09-02T16:00:00Z,140.374,148.675,139.924,144.85,6754145.024681,969045096.8461272183
1788451200000,2026-09-03T16:00:00Z,144.827,148.61,143.04,148.275,5454536.268482000004,793145897.2540959197789048
1788537600000,2026-09-04T16:00:00Z,148.24,149.81,147.4372,149.8,3878065.633808,576737908.0777106307
1788796800000,2026-09-07T16:00:00Z,149.48,154.79,149.47,154.45,4196638.117843,641321598.3880571839
1788883200000,2026-09-08T16:00:00Z,154.49,154.9,148.195,149.37,5747834.266093,875071371.5942045852
1788969600000,2026-09-09T16:00:00Z,149.408,152.78,147.75,151.49,5381149.018377,811424503.3033941024
1789056000000,2026-09-10T16:00:00Z,151.33,151.74,146.5,148.29,3927423.929607,581426387.5826893872
1789142400000,2026-09-11T16:00:00Z,148.2901,148.99,147.44,148.9187,2326263.948948000002,344722597.9859876780962984
